user_id,name
1t5fyryjggt6kfha18jcstnz3wfyqh9fycra5sg8hr5qhmot5rky,anonymous
3iwsuz58pgrf7nw4kx8mg3fib1kqyi4oxqmuqxzsau1mpn5weipo,anonymous
3qgon1apkcmp63xbqpkrb3zzrja3nq9wou4u5bf7uu8rc9ehfo3y,anonymous
3s88s3b9ik7pg3s4s3u48enp3kbweaydx33fsgd6tnrosaxz6dfy,teste
4b3xhs34k1c8xbem1tj9phr4nf8xkn6w1eckkie3gipmgsfsbw6y,anonymous
4nacrqeuwh35kwrziy4m376uuyi7czazubgtyog4adm77ayqigxo,anonymous
4p1qa1ko7wuta4f1qm8io495cqsmefbgfp85wtnm9bj55gqbhjpo,Intruder
4snwyct86m383rsduhw5xgcxpw7c63j3pq8x4ycqikxgik8y64ro,Aldert
5bem6bm75ku5pqz4em3bcsbm6n5grywja15x3739eesjhsdo6nfy,Jared Cassin
5ddrprkjm19mz8rokgnqgisommz3zdnfz1yhg1is9kmaoujwrsby,anonymous
5f4e8eoogmkhqeyo5ijdix3ma6rw9byj8m36yrjp78pnxxc379to,arst
5g3fwnue819wfdjwiwm8qr35ww6uxxgbzrigrtdgmbi19ksioeoy,Flavio
5nwna1g9kk14tcc59fhp6uk165heafgnng8bhft1m49ioishnawy,AAA
6gahxazkp5jk3n69h856gqjoak66xbpybq5c13abnmw3kyhygfty,anonymous
6ramoshwf43ykn3bdfxb1qn9yy7zbrjyknzrycqxh3s59fapukny,anonymous
6xejaazm58f5dca3aj6o4is3k55wxy86hyxtd1pu5h897cfq76yy,anonymous
6z6dsqajktysrzmciep3tt8n8y873ccn4zxney1tmh7k51rw1j5o,anonymous
77m8jyqqrd41xzu5b67m8z5wuypuatc54gmw5gcax6ae3yeca6wo,o1er
78guxwtzgtgpskij51om7t66awmqxznr6p7ogonfohoags6ahc5y,Nina Grant
7hq56kap6exmhghyedrw1q3ar8b1wutomq8ax9eazhajcpdfx3so,Terri Conn
7kbjzgcx3xygokesys6jso13tt9u5n995p9q54a1co7cai9ujcso,Alan Bahringer-Spinka
7oq5wj1adxk1u94ojh6eknwj3b4z88zcbb51dbam5zn7zeqnzoio,uraj1r0
7w4hmktqa7gia5thmk7zki8px7ttwpwjtgaaaou4tbqx64re8d1o,anonymous
8ajb4fbw91fuzywtix3jsc5x416jjpwrue4qricj7k7nt8fjensy,anonymous
8gmq7a5cpn8bd57co871ob6txx9hamt1q5gqdsyiotgee58dr4dy,anonymous
9arfi37owcrdywc9zqw3m5uc7gd5gqu1yfuykzo66od6tcayqk9y,Eman Ruoy
9eo5d4symyc9d5qshbznqiz5qc4a375f3oid6ixieqezxmb6ti5o,Terrell Ledner
9x86hgp5tya98csx4wfdj1aorcxszxq5mwa3rdeh8a7oz1u6sg3y,Severin Alex B��hler
ajtxy96ycctqu3kwrm5pkf4udgkdda5qdsckqzsdj7nffcnpx3go,Kimberly Treutel-Weissnat
azmpc34j1pn653dwi3z7rgcsd6xx35eqbhm9fpjonugfcfn68sry,miguel medeiros
bb3xoth8hijfn6z6zahkutb6cfea5fzzs67gtziud74iusr1whgo,Luis O'Connell
bbkdkhm97pytrb785rdpornkjpcxi331hpq446ckn6rhb4abiguy,anonymous
bmgm3xk96wqfdnei8jmrxz4ncuyoi99z9tb1ofq79r4biw9a7ffy,anonymous
c4yotzcb76d31y44jsymtdcowqg7oyqej46jty3yy7ybtzt9x41o,anonymous
cuimec4ngawamq8wa6fjzki6boxmwqcm11x6g7ontufrjwgdaxqo,anonymous
db6w58pd5h63fbhtd88y8zz7pai9rkjwqt9omg6i7dz31dynrgcy,peter
dfwfafsmkuiwu78ag4gnzhdb4efg5h4tku4bk6qioxfc6zr9sxjy,New
dujh8de33hbaqerg1ejyu9ynjh5yqfozm6iexsjdj3h9yfn3n3wy,test
dyipo4kn45x8ybk9951qqsmgnrnoo3zstruja7y4cp7chtqen3wo,addd
dzz8cshisfst7dthpy7eio9a3byecmrym1ymn75hwqt67a9fs7zo,JBro
emq37ky6fbnaun7q1ris6rx3mqmw3a33so1txfesg9jj3ak9ryoy,anonymous
end1obs8cy3ssqzhm73hiojwpakb4ac1fiubbmk5zfuruaaumwso,Matt Carvalho
ep441mndnsjeesenwz78r9paepm6e4kqm4ggiyy9uzpoe43eu9ny,123
eroud7pzna7aacy5ob6ziekmm3sjg3m8hkpafcdjnwbmxambzyuy,anonymous
f5tcy5gtgzshipr6pag6cn9uski3s8tjare7wd3n7enmyokgjk1o,aaa
f8oaczqycmecdhmz8tbjxsnhb53yk7qrtgeg9kg9hkkbn5ynouoy,anonymous
f8r8pf61kh7cpirthz7e1ztqzr8qg5yf7pbnbeifjx4exdqaekpo,dz
f9rxf5hu1isngupfe6ff741bh7uqjxjwokqc4u3eribzmi89bcxy,anonymous
fh961bofrue6oqupmu6xdqn31sghfjxkefq7ocsf9osub7jn7r9y,Amir
fy3ekk5mfm8nje69nwqb7yhou79kjhm41qp35px8o6zcbqc51k5y,Jay
g9biqrydd83a93amx4tyuobws5zehp6n513dgn85hahdbmb4gicy,miguel
ghdxffrmhstihczuny9upgwoqpokw6bk3pbs1bxdioktoz88ar3o,anonymous
ghi8imi1o3i4c18q3anyp3qj8m9cedrrif1tco8jouq8msud8mfy,Opal Jenkins Sr.
gk9ad7hxtusrf4thnado5rh1on5o1qjwnax1cu6tghgdjck1oiiy,anonymous
gonozda78u3wez3r5xnqf8rwiio6xyy5aigqpz3hftmpd5xskidy,JeanChristophe
gxk8itzrnikrpshfsudgsgtxrz59ojp4iwmp4w9iff3ess6zfr4y,dzdidi
h3fghnb3x59oh7r53x8y6a5x38oatqyjym9b31ybss17zqdnhcoy,Flavio Moceri
hj6e38w9dkmpkdmb9c9n6k1yt85ekbqhh3s4aagksdj4zssxg36o,miguel medeiros
hmzfwyfb9ezxmng3rc7ohfoumar4p18yeiyb3d91koy1iea48r4y,anonymous
hrrrixk98mzi89c99m9a1e53fxszb6f44nzz3rptt5n6r5j4pxco,anonymous
hs8iszgmxharf4omxwr7zej196zr4rs4a53ks4tg1ya1efejupty,Plebtoshi Ovi
hy1njbk65oh5jqdmq37rdh9xfmxojmn1jn93o7zuka5kx59fdd3o,jay_new
i3u8b66j53tgdwt4hyhdwf1ts8rq76qub7skpbgs8nje8upa48by,anonymous
i4w8y8667cgitxar8oxm1cts35bnt3nctuniq8o5scccuxsdq33o,sdd
ige6m13kshp3tyhq8ragfapdibixbkzetg8zcdztwwjy16r6erno,PowerfulBTC
ijfadmjkfxd6mng41jbuaqgm4adcesr5rcs1epnqtny9e43br4ro,Corey
ijh1aqqk6a7ao8oe8b3s8en9rutrkfgioe8p1ynh5jzq5cupccyo,anonuiaaaaa
iruwsoj1zqxbcrq9m1s7jtja48tstae6shmw39s5wbugicxzrtwy,anonymous
it788xohmmo7sr8k9knuy56oqtfs7rtc1gixyxdhraqkeaihkdqo,delete me
iuw3zijihd68g7xr9txb4ih3bwfz4433zjdhqb8cahg695g6zqxy,anonymous
j6fcwdbf4owi6njn9zrm7tu3tjw3a5itdt9i1rezir7zemtaagyy,Claire Rolfson
jbutqpwpcez6a4mxudcfjyw67dsk3uo3nh8qm1k1m4go1nnjn5ao,anonymous
jn6rpfszntneom7tx5aj4kcn4rid5adfwtsusog5yunpn1ptp86o,SHA256
k46cg1wqtuqx754edku9h1m3k1cgew8or6d93g85nks4fdi6dpwo,anonymous
k5xmwzziqx9q65gdp6crgzcp5w38p31hks8boooaampyy6yo94by,anonymous
k74najezunp7k7k5y4dh9u8p59kxnxh4iudp4amdbchx77i9u64o,Foo
k851u6ygpfwigbrbdwjers9u6nk3t8bne75kerxd4bpxarsgsthy,Foo2
kft3id7a1krty8gezac7zcj5za9spmwh4mwe775w3fsteo99bn8o,anonymous
kg671gqu6akiyuzdsqgqtupftuhbuwfx5zh6tbygmexuw6b55s4y,Sev
kt1ujy3zxs1tpxsxrqkdpmon5co959paiknw1s4r1rf1gsnqxnao,Sev Number 3
kujmtrs7spa53btsufix7phj6frc1eymeqbctbu5s9fgxcsnjy6o,Mrs. Ginger Hamill
kzq3o8y8w1b7ffogpq73okop4gb3ahm31ytwwk1na8p6gpr4511o,Murray Rothbard
m91ru97xoa5br3bw1bo5hohnz1ttkymwh6tfxzxfouait9epexro,anonymous
me9hsyatet99rgxcabaedoizr646x9i9k5doh4zcjfdb3u9s6hgy,Janice Stark PhD
mhi9gq35wpqzi4iocuob5nhf4fa4eoppwxnknged4c48q14dk5ho,anonymous
mwpzjenysim7koioqc8qf4ymwgpyi6eotnr9pxuuskh5qndcngzy,anonymous
mwsnc3qzej8hks6motdeyj8ag7gzaf3ft5emcjzk9wn5erxg968y,anonymous
n9soa8e73rtkx3x9eh9uicc14rsw4h8m89amstwcrdz4cmgespay,anonymous
nhzo6irmzq34w4ez6rnh618wfz8s6bjgnjw649mt91qm3h5czjao,anonymous
nkmnt9uzjbwzusxjjnrzd4uwd79nhnywitqhj11pannyo7e5aory,anonymous
o1gg96ewuojmopcjbz8895478wdtxtzzuxnfjjz8o8e77csa1ngo,Miguel Medeiros
ocnjebjbzb75zckt7sdxmr8gjmtj4dba5fi4aznufeq8sobop5oo,YAAA
oh8ku6csenwcyec6oaacz6xumydqjdaagh4ekr8jsm44rrdssjqo,Johnnie Altenwerth III
omynbjw4ksjc4at5gretyoatw1g5h53tkee5z55fh69sng1d3jpy,Flavio Moceri
p4ba6uzmu5nhmpwcwucx7n3y9ojw3y8wwra3ckbt9dq46go7y95y,abril
pcckx7sercfy1u8rrr8cc4gkdnce93f6jarngcdsfu5enty51aiy,limpbrains
phh5aqdfwkmydr1d6b48xa3tcbiipy8wpcmougyed7otitx69kco,carson
pnd8q4uyypjjbffpgxcfmxiu7fbss38fqsnt5xz8da13nj6q5obo,Miss Denise Wilderman
ppc7wt1twskz95f58s9gxg67fd87fwurix4yzscsh8rh6xaxjy1y,Mary Auer
pxccbsm8ic355nmd3hufjq47s4h8snosbbxoo7jqn3otgs9azgco,Arturo Mertz
pxnu33x7jtpx9ar1ytsi4yxbp6a5o36gwhffs8zoxmbuptici1jy,Nuh ����
pyc598poqkdgtx1wc4aeptx67mqg71mmywyh7uzkffzittjmbiuo,anonymous
q4iwcxkmxfq86oqnkd597akf5ixp8wwr3es5jxjm66pihnmxugey,anonymous
qnostbczowotpm8twnhjnzruyebjrpyfkf7ehxd1uxqgnjw1aqpo,anonymous
qumq6fady4bmw4w5tpsrj1tg36g3qo4tcfedga9p4bg4so4ikyzy,anonymous
r4irb481b8qspaixq1brwre8o87cxybsbk9iwe1f6f9ukrxxs7bo,anonymous
r91hi8kc3x6761gwfiigr7yn6nca1z47wm6jadhw1jbx1co93r9y,anonymous
rz6oe4yda9em9b4m7ymttgym3r9g5gfa51su3rgdj9oszyz787ny,Wobly
sa9ki8sunab4fc9an9xcjxsw7bt8dg51959gy57sm4e3orb88cbo,NuevoUser
sazaz5yowshbkfbsqi4n47rbyn8xbmokmu8kft59iyjazjxo4jeo,J���ro
sfgetccnq7s3h57a7imf6n7k5fqxus33yg85f1ndhnrnofjdmhjy,anonymous
soiaydptr5cgn8p5xge6jwnj1s7t3x9fznoy5unzj4ad37oip4xo,anonymous
sse599pgxr9ahwrrns7yz3dpd118wjjpiisscrh4qnrgj4334iuo,Coolio
tkpeqpx3ywoawiw6q8e6kuo9o3egr7fnhx83rudznbrrmqgdmomo,test
tn8xfg7kik7xfuwpmf1kerwdwd1je3xnf914rgyyuprh8c5w4sgo,anonymous
twqjigg3ryhtxbd3uityam8oaib7zwnxm1t1umin343t1a5w7pky,miguel 1
uudfeafc1c6dhxxnaiyuzsy3yy79i1ikpb8syht46qpnx4ksi6ho,01er
uxni6dn45bbnd7mw6ypf3swoyey9wjntmjo4h1ph9xab1jfhp8do,Hello
uzisj5op5ynk83m9j1fnbfqnx44jbj4h9rjtzwbpt57nts19z1uy,Sylvester Altenwerth
w6rookgq4s3stdwgymwm4zpk6zm7rtxyf91gmtowiarstgue9osy,anonymous
wbhfp94iieaccjyfrkej44pdzhkak7zwyuxbyghb4h9sqa3i413y,fafaf
wd94us177uejk78uu3zgfuy1yfzx8mdfhbqwsq7effb7s96pbqwo,anonymous
wfg9rd8qbegqskips78dxzddyq95zz57p31qnobf7myshdxnoh1o,anonymous
wjc7xngyeh3d6h6waka331mm8rn5xasxx86i5ru1obd9y5dzz61o,Foo
wnr8986jxopne5786jn88tab6ybygbpykccg9pfg78pxr5g91niy,anonymous
wp1m4upxa1rzgturs79u9smc7re7gt8jcafj4ydd8y8rpear1rzy,anonymous
wyr5x8m3jtrih6di5jwfjgu865t8hg57yo8me3q74mnnpg5gs9yo,SHAcollision
x87dnkruxdnd35q7ayzjfhjpqa47gr5a6gdxpb61jymrpngwy1yo,teste
xgoium16biftc8z7ecrbwrdokdwr1xphdke4nuaqiutnihdmxmny,Edwin Baumbach
xguypopohzf1e6h9njbrt94wty6enqqm7m3eqbr677upjdw74uzy,anonymous
xtewe9x8yfuq5sr4tqrk5az47uz4qkt3gxaz5rms6nzugdfo8jao,anonymous
xzinu5xbj55y33kfxe9sgtu9a4gxqgywj68oi91g6apiym8kz6to,Allison Rowe
y4euc58gnmxun9wo87gwmanu6kztt9pgw1zz1yp1azp7trrsjamy,John Carvalho
y4q8yahtdp6qqu8tzsde83p5zagnzou5cagq9jpt74df67wdt4to,anonymous2
y6hjqyajujz61ooecwa1g6fu4s5rj9otka59mir6aeqqbt5xmugo,name
ym1rn4rfjg8857y13uuehc4tw6sfqtzpu881ycdj7iiyo6kqsspy,meanplates
yq9bapr1e981yx8intz88a9oeistye1oe5tucqf9swq59m56497o,anonymous
ywng83zf5paobxptt8ipkdgq5karppe3edxy1kigb7kgwai56uxo,Breizh Ma Bro
z88bknbxf3q8rxcaehp5strbjgqmyt84yskd4cw7t56rpmakwa8o,anonymous
zdbg13k5gh4tfz9qz11quohrxetgqxs7awandu8h57147xddcuhy,Charlene Medhurst
ze86rtgp6x1qdyno4uzp8gexbb887dtemmonoh4j3iisbzitcppo,Matt 2
zhf4kyfkt87m4cajm3bjikt4k3jjb3ene7rbxehgi1wz1a77t9co,Jay Uncensored
zj7ao1ohiysupjmqbny5gqwiou6afcs1xr5giodsj49aqot7u4jo,anonymous
zmztpeny91i48zeswjyrj7sdepe58bc8ru98ymtyfywru3xk31xy,ssss
zs9siw6qwazjk5beh6pu95nonzq1prp5oe3rbb916u67aiq5hezy,Guy Prosacco
